date,Mean,Naive,Daily seasonal naive,Weekly seasonal naive,Drift,SARIMAX calendar,SARIMAX conditional,HGB lag+time,HGB + weather (conditional),HGB all covariates (conditional),Chronos-T5 tiny zero-shot
2016-05-13 19:00:00,584.7698036560596,2090.0,740.0,760.0,2090.596004063664,1188.3626175489894,1360.5316814065036,1098.6984982045021,1216.465250233807,1111.1236460732857,720.5027
2016-05-13 20:00:00,584.7698036560596,2090.0,600.0,700.0,2091.1920081273283,995.3062701141494,1300.0279248724719,1015.4420478351841,1168.3061154571417,1025.1872909608937,650.71045
2016-05-13 21:00:00,584.7698036560596,2090.0,430.0,430.0,2091.788012190992,696.0464151880825,1134.539859989888,642.3076459081142,737.4419332528491,562.2157349982242,484.44067
2016-05-13 22:00:00,584.7698036560596,2090.0,360.0,320.0,2092.384016254656,488.78411155984423,1002.900480286894,378.06377486179935,450.0163357868831,321.2659086160643,408.49017
2016-05-13 23:00:00,584.7698036560596,2090.0,340.0,350.0,2092.9800203183204,418.3347307550421,983.5070594249655,332.19891928783295,335.4115512093804,290.9783178481679,348.96136
2016-05-14 00:00:00,584.7698036560596,2090.0,330.0,310.0,2093.5760243819846,326.7147294186043,969.9214276501834,321.58457001170103,300.11217264172114,312.75404216367474,330.4871
2016-05-14 01:00:00,584.7698036560596,2090.0,320.0,340.0,2094.1720284456487,313.730273778679,983.9559902514993,325.92135504301467,310.4149353446058,311.7606854125461,340.75052
2016-05-14 02:00:00,584.7698036560596,2090.0,350.0,320.0,2094.7680325093124,301.6499473733056,969.6979390111865,308.3713608021589,295.8629812168968,304.38052750806173,340.75052
2016-05-14 03:00:00,584.7698036560596,2090.0,350.0,330.0,2095.3640365729766,293.6241982575996,948.489520876089,313.9410960069117,324.0298863761919,303.13589248206904,334.59253
2016-05-14 04:00:00,584.7698036560596,2090.0,300.0,330.0,2095.9600406366408,295.4543398910058,920.1632634877496,310.83102504137406,325.72565699075216,295.31818366530143,340.75052
2016-05-14 05:00:00,584.7698036560596,2090.0,350.0,310.0,2096.556044700305,345.0940923724085,945.7147991364991,312.03675384935605,297.9803788251944,302.80802822128084,340.75052
2016-05-14 06:00:00,584.7698036560596,2090.0,880.0,320.0,2097.1520487639687,406.5427573857329,1005.17382534016,376.4486808082743,404.7627147190678,363.27371053521455,340.75052
2016-05-14 07:00:00,584.7698036560596,2090.0,1060.0,890.0,2097.748052827633,548.5507168578451,1122.597935096528,757.3591153982645,860.856753911783,584.2251212874991,346.90878
2016-05-14 08:00:00,584.7698036560596,2090.0,2030.0,730.0,2098.344056891297,645.0045136318749,1189.714898811404,900.8118102497956,694.9605540964271,717.2608487318823,353.06677
2016-05-14 09:00:00,584.7698036560596,2090.0,560.0,920.0,2098.940060954961,583.343748888786,1141.1317630213025,902.3271846547758,988.9005100504976,745.3785375074567,459.80783
2016-05-14 10:00:00,584.7698036560596,2090.0,440.0,1070.0,2099.5360650186253,615.2334340882326,1188.3274810166122,703.9481695811919,619.8239021424966,763.4359417161717,509.0732
2016-05-14 11:00:00,584.7698036560596,2090.0,2130.0,970.0,2100.132069082289,685.5889545965055,1388.0846741696741,843.8708881188102,800.8116607069367,734.6322462608691,463.9135
2016-05-14 12:00:00,584.7698036560596,2090.0,1810.0,520.0,2100.728073145953,695.1118048938919,1405.8470968121783,826.437511291891,880.7816184426365,742.6410654222831,398.22647
2016-05-14 13:00:00,584.7698036560596,2090.0,1610.0,450.0,2101.3240772096174,672.8387148746749,1199.6452947760954,824.9167875004507,818.3013146930148,710.8284527886997,365.38336
2016-05-14 14:00:00,584.7698036560596,2090.0,1910.0,530.0,2101.9200812732815,686.8534787819359,1126.5633360524134,690.8373426508084,794.7563381210232,721.2029391056715,365.38336
2016-05-14 15:00:00,584.7698036560596,2090.0,1210.0,620.0,2102.5160853369453,649.2135538731306,1139.7254694797975,684.3764186646541,707.8160466583821,618.1530439602022,361.27792
2016-05-14 16:00:00,584.7698036560596,2090.0,2110.0,550.0,2103.1120894006094,776.7182093309314,1326.5588033147005,774.9995597867353,836.9310323305034,579.2173243870508,381.80478
2016-05-14 17:00:00,584.7698036560596,2090.0,1390.0,500.0,2103.7080934642736,986.4280531880422,1533.5259280568634,1146.8458011760792,1083.0595675585644,868.6826854686465,414.64844
2016-05-14 18:00:00,584.7698036560596,2090.0,2090.0,1710.0,2104.3040975279378,922.2009079362706,1775.5634450714751,795.8775649325852,1023.1526400679088,1237.2487136745883,424.91187
2016-05-14 19:00:00,585.1678979180658,1000.0,1250.0,720.0,1000.2250587840108,838.3221526541621,888.3593120660771,857.6448525094024,920.1818672317359,1027.130023184419,706.497
2016-05-14 20:00:00,585.1678979180658,1000.0,720.0,520.0,1000.4501175680215,689.7370998541471,839.9823778913969,673.5114704869251,730.6348825883152,787.5141676378238,601.53204
2016-05-14 21:00:00,585.1678979180658,1000.0,380.0,340.0,1000.6751763520323,495.7014406175646,733.7647132703732,520.4588834512588,520.8352952553745,431.48387768516784,431.97238
2016-05-14 22:00:00,585.1678979180658,1000.0,330.0,350.0,1000.900235136043,428.82767760925304,737.4210540200374,358.1694209308499,385.34035678192544,323.928818289814,387.56403
2016-05-14 23:00:00,585.1678979180658,1000.0,370.0,340.0,1001.1252939200538,353.2957265662859,783.5244564494405,332.52493060228994,327.9094433985191,324.78048112775076,359.30417
2016-05-15 00:00:00,585.1678979180658,1000.0,350.0,350.0,1001.3503527040644,343.6556393450961,804.9340555473909,296.4229529823344,305.2515365694209,331.6937957645384,359.30417
2016-05-15 01:00:00,585.1678979180658,1000.0,380.0,310.0,1001.5754114880752,331.85902760447175,781.8181686435837,309.4572670476119,303.28432025368585,304.30338566603814,359.30417
2016-05-15 02:00:00,585.1678979180658,1000.0,360.0,330.0,1001.800470272086,318.86487252606827,738.2582345642259,287.92228923699855,297.1337528182569,314.080882351583,359.30417
2016-05-15 03:00:00,585.1678979180658,1000.0,360.0,340.0,1002.0255290560967,311.12612502772555,710.9980790997097,284.39529551978785,294.22090553673314,312.7078739337122,359.30417
2016-05-15 04:00:00,585.1678979180658,1000.0,360.0,300.0,1002.2505878401075,313.01867569442123,705.8015193141846,292.6933231465839,285.58695570011366,298.03091206728277,359.30417
2016-05-15 05:00:00,585.1678979180658,1000.0,340.0,340.0,1002.4756466241182,358.5315640838535,738.8372436564377,276.5079086768909,321.6305129016292,324.47654896911837,357.28577
2016-05-15 06:00:00,585.1678979180658,1000.0,380.0,300.0,1002.700705408129,418.40365531817173,792.9108700252009,304.4110343516466,328.74422315623684,322.70347230022264,373.43423
2016-05-15 07:00:00,585.1678979180658,1000.0,680.0,360.0,1002.9257641921397,565.9215631513249,954.9097578317915,429.2055388890709,380.82903495152135,360.51964337848955,379.49005
2016-05-15 08:00:00,585.1678979180658,1000.0,800.0,1100.0,1003.1508229761505,662.7445248535639,1035.2573632401827,830.2730287036301,760.8616062422327,508.53258108875383,379.49005
2016-05-15 09:00:00,585.1678979180658,1000.0,710.0,860.0,1003.3758817601613,603.4477682469072,1049.5667755758395,717.360289573264,661.367571663783,663.8400439513653,381.50848
2016-05-15 10:00:00,585.1678979180658,1000.0,950.0,810.0,1003.600940544172,646.8877664065096,1041.1763083228916,1217.518142068068,1001.034444351958,662.0608452275958,371.4158
2016-05-15 11:00:00,585.1678979180658,1000.0,580.0,300.0,1003.8259993281828,695.2698426140242,1190.8310135298943,659.7949424849186,602.9213734396402,644.8913170377656,383.52716
2016-05-15 12:00:00,585.1678979180658,1000.0,700.0,340.0,1004.0510581121935,711.7224969027213,1310.9664339489855,941.4280401382475,709.4731314850002,561.9342947710404,393.61987
2016-05-15 13:00:00,585.1678979180658,1000.0,680.0,340.0,1004.2761168962043,691.5039827209536,1337.8235907240496,615.8649215799923,564.3962672157088,518.173547043463,391.60117
2016-05-15 14:00:00,585.1678979180658,1000.0,640.0,340.0,1004.5011756802149,703.2912122758198,1417.3534162991973,660.0138904388577,587.1812163452395,520.9925768447241,387.56403
2016-05-15 15:00:00,585.1678979180658,1000.0,780.0,300.0,1004.7262344642257,675.8968238296712,1433.3980362440934,601.3820927240806,549.3023322795201,508.81571520099027,411.78705
2016-05-15 16:00:00,585.1678979180658,1000.0,670.0,330.0,1004.9512932482364,787.7903128412624,1564.2388517989157,690.3669238634068,682.0545381631653,669.4104636454899,411.78705
2016-05-15 17:00:00,585.1678979180658,1000.0,1450.0,340.0,1005.1763520322472,1019.3265403536517,1793.6530298931393,1001.5259404989832,885.6349379890453,1010.8159763178239,425.91684
2016-05-15 18:00:00,585.1678979180658,1000.0,1000.0,300.0,1005.401410816258,936.4549801924554,1754.4190525689628,1023.9676579964078,1245.6316496674378,1240.5185726513791,440.04663
2016-05-15 19:00:00,584.7701532311792,590.0,540.0,360.0,590.0866377874042,675.0802436025011,785.6148194764301,670.4557296077301,800.4702460490003,771.4018478398115,610.7923
2016-05-15 20:00:00,584.7701532311792,590.0,520.0,470.0,590.1732755748084,544.2588594232875,626.5616625880921,629.3635752092657,765.2489630968261,758.5529350203291,570.74036
2016-05-15 21:00:00,584.7701532311792,590.0,450.0,380.0,590.2599133622126,432.9978683797998,574.6743802223664,502.86155783069916,476.6826299241963,449.07844200678636,428.55573
2016-05-15 22:00:00,584.7701532311792,590.0,370.0,350.0,590.3465511496167,381.1227874763957,547.6791849790798,351.02514335389077,363.62962717178516,343.6721698352189,360.4677
2016-05-15 23:00:00,584.7701532311792,590.0,290.0,320.0,590.433188937021,327.6979033627738,537.7691690436131,315.30737497687915,351.7768288827054,306.9591896614873,348.4519
2016-05-16 00:00:00,584.7701532311792,590.0,320.0,330.0,590.5198267244252,349.7232266706801,540.0635706861531,306.0506899378441,318.15285495340004,308.3787026027877,320.4158
2016-05-16 01:00:00,584.7701532311792,590.0,330.0,350.0,590.6064645118294,338.025075904779,519.6388103007139,316.0656269963285,327.2639416543664,301.5889095825582,320.4158
2016-05-16 02:00:00,584.7701532311792,590.0,310.0,330.0,590.6931022992336,324.1882117438462,484.2345723744711,294.0833720135259,316.5589002829338,304.1684828734407,320.4158
2016-05-16 03:00:00,584.7701532311792,590.0,240.0,320.0,590.7797400866378,313.2248471436626,448.6847148962552,301.8793231390685,316.1574945564274,306.8871059221904,340.4415
2016-05-16 04:00:00,584.7701532311792,590.0,310.0,340.0,590.866377874042,318.66423239483015,428.06543551838604,271.2592624521623,299.0336069548444,299.0382164251907,320.4158
2016-05-16 05:00:00,584.7701532311792,590.0,340.0,390.0,590.9530156614462,362.8637783999789,455.2324755468535,387.3551403523877,369.5466292600689,327.5001427898134,314.4079
2016-05-16 06:00:00,584.7701532311792,590.0,310.0,330.0,591.0396534488503,417.792711574362,496.03310374364264,350.7933827395847,359.40472334316166,323.646588646721,360.4677
2016-05-16 07:00:00,584.7701532311792,590.0,560.0,340.0,591.1262912362546,567.899406282048,638.5151993463778,439.48838516044907,582.8020174124945,332.22359024715905,376.48822
2016-05-16 08:00:00,584.7701532311792,590.0,710.0,370.0,591.2129290236588,666.5582091331304,771.5420249827648,561.0026435694776,659.6838370717859,392.05592113210787,416.54013
2016-05-16 09:00:00,584.7701532311792,590.0,610.0,400.0,591.299566811063,608.9430106241665,742.0776403037826,557.0577791112297,623.1381239146779,527.0036445829099,418.54288
2016-05-16 10:00:00,584.7701532311792,590.0,650.0,330.0,591.3862045984672,653.0650292464759,868.6256794388892,665.383191138495,673.8509327006659,686.4331814771208,380.4934
2016-05-16 11:00:00,584.7701532311792,590.0,630.0,370.0,591.4728423858713,698.6301775079207,947.9020150908345,611.9395481871036,674.2480517068711,664.5666976452375,376.48822
2016-05-16 12:00:00,584.7701532311792,590.0,580.0,810.0,591.5594801732756,712.9993454552086,980.5101099531385,649.4342285575806,693.2757100975065,613.0756274620317,380.4934
2016-05-16 13:00:00,584.7701532311792,590.0,820.0,1040.0,591.6461179606798,707.6357003010196,1070.0818342885386,653.6788538283347,603.5156360983634,573.6488553604224,354.4598
2016-05-16 14:00:00,584.7701532311792,590.0,530.0,530.0,591.732755748084,704.9070318945394,1060.2106491952109,594.7886001571916,548.6801701010041,482.56394658467735,356.46252
2016-05-16 15:00:00,584.7701532311792,590.0,560.0,420.0,591.8193935354882,681.4776532838748,895.0009698442691,634.0894785904075,506.99611084286045,475.17175252565005,364.4729
2016-05-16 16:00:00,584.7701532311792,590.0,860.0,470.0,591.9060313228923,799.4121557159353,874.0830935351105,658.6045912142318,521.7652966829666,574.3806902135688,404.52484
2016-05-16 17:00:00,584.7701532311792,590.0,1420.0,1610.0,591.9926691102966,1040.1097918085875,1180.114377404786,1023.4852161364545,1207.9702792180974,1045.198062242525,450.58438
2016-05-16 18:00:00,584.7701532311792,590.0,590.0,720.0,592.0793068977008,921.1030154642631,1335.5000888948052,839.6679699050592,898.1523279323852,874.0295350751551,490.6363
2016-05-16 19:00:00,585.5518836748182,930.0,580.0,660.0,930.198347107438,773.5039986124663,976.5508857601026,620.9649005137112,727.9488805638548,720.9740822291258,714.11475
2016-05-16 20:00:00,585.5518836748182,930.0,1480.0,570.0,930.396694214876,735.3524657155974,904.4151409362175,555.4960439678918,788.2869599790314,808.830850252649,624.3404
2016-05-16 21:00:00,585.5518836748182,930.0,1220.0,430.0,930.595041322314,565.7666579300933,754.4732417015503,448.4198484326323,544.8872572897586,525.7026334494519,487.6384
2016-05-16 22:00:00,585.5518836748182,930.0,520.0,430.0,930.7933884297521,467.44008587337095,669.8328235959498,422.489115808781,440.5975517255689,446.4024459591369,399.9045
2016-05-16 23:00:00,585.5518836748182,930.0,500.0,360.0,930.99173553719,382.3765499467041,558.6461114174363,351.2482912087048,444.00699137570297,413.8816063819545,346.85602
2016-05-17 00:00:00,585.5518836748182,930.0,370.0,310.0,931.1900826446281,358.06571826843515,574.1248575716099,293.642858954245,368.9242178884971,325.6083815417422,338.69443
2016-05-17 01:00:00,585.5518836748182,930.0,320.0,330.0,931.3884297520661,343.4675520263404,556.254969549962,298.844837744561,328.64487777587146,297.89774518641815,338.69443
2016-05-17 02:00:00,585.5518836748182,930.0,340.0,340.0,931.5867768595041,330.8474390843081,489.1794979501292,299.6846156218302,299.9672523778483,314.57239492845457,326.45248
2016-05-17 03:00:00,585.5518836748182,930.0,320.0,340.0,931.7851239669421,319.4027608181922,386.72764435329555,282.6543129815444,305.37745170418634,324.23997704248444,314.2108
2016-05-17 04:00:00,585.5518836748182,930.0,330.0,300.0,931.9834710743802,325.1221313436771,347.17174020681705,284.29029894660124,299.5032926859436,316.4604973931757,330.53314
2016-05-17 05:00:00,585.5518836748182,930.0,310.0,430.0,932.1818181818181,365.6182022966183,357.1015517680362,340.59239376209246,372.3084530724088,309.84025078379005,338.69443
2016-05-17 06:00:00,585.5518836748182,930.0,320.0,380.0,932.3801652892562,417.9825589760425,347.99477669687985,348.2281667744012,356.75397415850694,329.1999720614881,359.09796
2016-05-17 07:00:00,585.5518836748182,930.0,370.0,360.0,932.5785123966942,560.5071870494987,444.5666350831425,347.16126365114127,413.6898371198073,334.18968615671866,375.42032
2016-05-17 08:00:00,585.5518836748182,930.0,530.0,340.0,932.7768595041322,661.3574239668292,512.7749619215356,423.8261511743852,484.8842393186912,368.76515105822097,399.9045
2016-05-17 09:00:00,585.5518836748182,930.0,420.0,330.0,932.9752066115702,604.7944458196486,439.8825066873187,433.034930593172,448.2315954796444,376.6331504553011,373.38013
2016-05-17 10:00:00,585.5518836748182,930.0,890.0,320.0,933.1735537190083,670.9795704457853,492.95780621421636,426.07765711542754,449.70712885346035,400.3390073691465,379.50098
2016-05-17 11:00:00,585.5518836748182,930.0,620.0,340.0,933.3719008264463,701.4852972707555,519.0465195294737,439.4162925542984,526.8412891293433,409.9208123016893,359.09796
2016-05-17 12:00:00,585.5518836748182,930.0,1240.0,350.0,933.5702479338843,747.3305470829243,601.740998156236,472.7645399057238,503.1003700432469,472.24147762738335,365.2188
2016-05-17 13:00:00,585.5518836748182,930.0,1600.0,320.0,933.7685950413223,761.6473044420562,654.6584955594744,463.04424005321516,474.6379903600483,475.61229608855774,359.09796
2016-05-17 14:00:00,585.5518836748182,930.0,530.0,320.0,933.9669421487604,706.6518738590701,628.129826441359,424.7647687465296,468.16200055460206,509.70300014341257,363.17862
2016-05-17 15:00:00,585.5518836748182,930.0,670.0,340.0,934.1652892561983,692.3620829237074,644.557529624266,409.81203345306545,489.7078777983659,470.58786687620534,373.38013
2016-05-17 16:00:00,585.5518836748182,930.0,530.0,380.0,934.3636363636364,793.9348180496058,742.0849642037119,428.6933347255444,514.3774845040383,533.7618176139188,420.3075
2016-05-17 17:00:00,585.5518836748182,930.0,1460.0,760.0,934.5619834710744,1061.5242185786008,992.8760692460728,776.6964817996121,844.3036147073522,838.6295928667168,459.07382
2016-05-17 18:00:00,585.5518836748182,930.0,930.0,610.0,934.7603305785124,924.1485509824464,962.3959810798688,1001.1370817302906,896.6374780852057,1038.4657581538684,518.24316
2016-05-17 19:00:00,584.0196721311476,600.0,690.0,630.0,600.0885536241391,598.4723303863572,567.8083327019522,702.3258897669923,647.3135010972627,724.3698431916338,615.03064
2016-05-17 20:00:00,584.0196721311476,600.0,580.0,570.0,600.1771072482782,583.3981016555235,526.8357349062044,567.3825375865285,520.2561997229651,548.5201744321403,499.3315
2016-05-17 21:00:00,584.0196721311476,600.0,410.0,410.0,600.2656608724171,474.1743291323801,395.0904275109524,472.22227767023037,431.5520143522241,433.76722102145345,375.51373
2016-05-17 22:00:00,584.0196721311476,600.0,280.0,350.0,600.3542144965562,406.6523094249962,298.0475698185064,338.51968535525526,348.6536094286799,379.6950767552411,349.12643
2016-05-17 23:00:00,584.0196721311476,600.0,360.0,340.0,600.4427681206953,373.69441467959376,233.21993746162752,294.3564650660196,336.2603432103735,333.55886471705605,328.82816
2016-05-18 00:00:00,584.0196721311476,600.0,300.0,310.0,600.5313217448344,344.51622103817726,228.82967175583508,295.61779364738226,320.9043652547961,332.42623163895576,320.70895
2016-05-18 01:00:00,584.0196721311476,600.0,330.0,340.0,600.6198753689735,331.231487189464,211.73244966580023,307.6828757628046,317.1347217775814,340.3916443677877,320.70895
2016-05-18 02:00:00,584.0196721311476,600.0,310.0,340.0,600.7084289931125,317.7395550417353,141.65651918913863,292.9158160527504,300.1569794684331,318.3800959668768,310.56006
2016-05-18 03:00:00,584.0196721311476,600.0,320.0,320.0,600.7969826172515,307.34642868352677,78.4672682218561,297.84496155127636,293.7712971598125,342.0591112294915,308.5304
2016-05-18 04:00:00,584.0196721311476,600.0,320.0,310.0,600.8855362413906,312.82552546545566,62.17234435253158,293.09193700799847,319.34755124879587,323.78939813042047,320.70895
2016-05-18 05:00:00,584.0196721311476,600.0,350.0,410.0,600.9740898655297,352.398692480295,88.00442962869784,362.3896214644375,373.2826819880161,406.94141904041555,326.7985
2016-05-18 06:00:00,584.0196721311476,600.0,340.0,660.0,601.0626434896687,401.4011253044796,125.95105701101784,368.47922594001176,388.4601975726361,435.0840538688657,361.305
2016-05-18 07:00:00,584.0196721311476,600.0,390.0,460.0,601.1511971138078,536.9337680272549,228.74171031045262,398.84818812964704,424.60613951103994,540.8612661287723,375.51373
2016-05-18 08:00:00,584.0196721311476,600.0,340.0,970.0,601.2397507379469,629.3370409181938,286.36584464802763,487.6655957521381,533.884865248557,564.7649844548337,395.81177
2016-05-18 09:00:00,584.0196721311476,600.0,310.0,390.0,601.3283043620859,577.7321446341672,258.986506591963,414.12230137055525,519.7209490791331,505.06005810105506,357.24564
2016-05-18 10:00:00,584.0196721311476,600.0,320.0,380.0,601.416857986225,641.333722602656,335.0304129958886,428.4265632264398,481.26096443857244,521.8179056228967,349.12643
2016-05-18 11:00:00,584.0196721311476,600.0,310.0,330.0,601.505411610364,670.9122336916637,410.75602159174196,397.8075932566961,474.2758382389864,521.089368775638,349.12643
2016-05-18 12:00:00,584.0196721311476,600.0,320.0,340.0,601.5939652345031,715.3773051263872,518.7706334383156,427.0495122666876,451.57858353650926,569.0417373041099,349.12643
2016-05-18 13:00:00,584.0196721311476,600.0,250.0,440.0,601.6825188586422,726.4086552244185,620.6203262504232,439.7888867864674,436.9224173100156,540.5747510230165,341.00723
2016-05-18 14:00:00,584.0196721311476,600.0,320.0,480.0,601.7710724827813,680.0396302066761,588.8402854744709,434.5612965854052,448.77274716610737,498.05074041296393,357.24564
2016-05-18 15:00:00,584.0196721311476,600.0,310.0,460.0,601.8596261069202,666.701096017961,593.2455513857176,437.8016435848029,471.74128116851284,453.55582822253086,383.63293
2016-05-18 16:00:00,584.0196721311476,600.0,400.0,450.0,601.9481797310593,764.6502189235167,723.799614170006,503.98231094469566,480.3593626206278,547.2403438669442,424.22897
2016-05-18 17:00:00,584.0196721311476,600.0,920.0,550.0,602.0367333551984,1036.6012809538074,1027.4375279724609,707.5936215828775,805.5894463312575,758.8459915477583,495.2719
2016-05-18 18:00:00,584.0196721311476,600.0,600.0,610.0,602.1252869793375,892.7541449223754,791.8035446910053,734.663268708308,790.4392400406238,968.1238684711124,558.19617
2016-05-18 19:00:00,583.0221210149642,1070.0,740.0,570.0,1070.2408070289619,713.3983160474154,691.9009751241238,702.7657199543454,767.5413048312914,794.6139475138863,691.7154
2016-05-18 20:00:00,583.0221210149642,1070.0,710.0,510.0,1070.481614057924,715.9123761492938,699.0501445972368,689.4036175806452,628.844545871708,601.0760312122195,569.6481
2016-05-18 21:00:00,583.0221210149642,1070.0,390.0,370.0,1070.7224210868858,539.699198400151,513.5025076489455,385.0214059322213,494.6545434447722,457.8917677667028,390.616
2016-05-18 22:00:00,583.0221210149642,1070.0,280.0,330.0,1070.9632281158476,431.2637369910424,407.12810192549205,332.51837939799134,364.64581747281215,360.2459107186925,329.58206
2016-05-18 23:00:00,583.0221210149642,1070.0,330.0,340.0,1071.2040351448097,405.72478990101,319.5660127813653,284.3724088849282,337.0860653231592,326.973494656221,321.44424
2016-05-19 00:00:00,583.0221210149642,1070.0,310.0,340.0,1071.4448421737716,325.9947060499481,202.35656053764797,290.1091660958936,338.3257029879511,319.10686651164974,321.44424
2016-05-19 01:00:00,583.0221210149642,1070.0,320.0,340.0,1071.6856492027334,312.924247639095,175.23166913687237,282.50001928038563,335.29759979031684,322.1716259379635,321.44424
2016-05-19 02:00:00,583.0221210149642,1070.0,330.0,340.0,1071.9264562316955,300.1237531903399,155.11376045319776,266.32363113052253,349.8059721329021,320.115524405214,321.44424
2016-05-19 03:00:00,583.0221210149642,1070.0,310.0,300.0,1072.1672632606574,289.20493390275226,124.25877780721748,282.07480238820204,360.95708441944555,305.4052209475137,309.23776
2016-05-19 04:00:00,583.0221210149642,1070.0,310.0,340.0,1072.4080702896192,294.46245645368765,112.56602008789741,272.2296067523676,317.70155668947496,310.1503490450339,309.23776
2016-05-19 05:00:00,583.0221210149642,1070.0,390.0,370.0,1072.6488773185813,335.67689004306646,124.53561115015418,278.75988825297316,336.4730093978256,338.3387059228094,325.51315
2016-05-19 06:00:00,583.0221210149642,1070.0,420.0,290.0,1072.8896843475432,383.5729195729032,144.18018513180505,274.0525540759065,324.03029281656734,325.73721738552894,378.409
2016-05-19 07:00:00,583.0221210149642,1070.0,320.0,350.0,1073.130491376505,505.1807005250105,246.14588265814473,274.779580813097,369.007968889392,350.9137399589214,394.6849
2016-05-19 08:00:00,583.0221210149642,1070.0,370.0,310.0,1073.3712984054669,594.7790914978126,344.3517932046889,276.43227683279014,417.2540378885609,388.49918482058166,425.2016
2016-05-19 09:00:00,583.0221210149642,1070.0,390.0,290.0,1073.612105434429,550.238754509673,357.7953503662866,274.0982349622107,499.26868097127067,391.23495358900266,478.09744
2016-05-19 10:00:00,583.0221210149642,1070.0,350.0,350.0,1073.8529124633908,608.9655080116672,433.1444407204026,292.926839350073,438.4551997617261,369.91732650126744,388.58142
2016-05-19 11:00:00,583.0221210149642,1070.0,420.0,300.0,1074.0937194923526,641.6767162928318,505.01500144549664,286.7519187732817,470.3602132676176,370.4292865255958,374.34033
2016-05-19 12:00:00,583.0221210149642,1070.0,340.0,330.0,1074.3345265213147,680.3828025506479,612.8178776672412,290.8206699433741,451.1249814942924,360.56975592058524,374.3401
2016-05-19 13:00:00,583.0221210149642,1070.0,520.0,340.0,1074.5753335502766,700.8461587034419,703.8355464809847,340.3211504853782,503.9344671004995,384.12059378574844,378.409
2016-05-19 14:00:00,583.0221210149642,1070.0,490.0,340.0,1074.8161405792384,657.4474919528782,716.5916286083029,318.35581455961716,472.4469592630445,404.8629429929007,396.71924
2016-05-19 15:00:00,583.0221210149642,1070.0,500.0,410.0,1075.0569476082005,645.9831199808858,648.7955571490356,332.14064152316877,507.1462286992104,453.0554368531818,415.0292
2016-05-19 16:00:00,583.0221210149642,1070.0,630.0,710.0,1075.2977546371624,742.5845173829694,650.1328632359046,390.92936592830563,512.323529661326,580.0976266612629,573.7173
2016-05-19 17:00:00,583.0221210149642,1070.0,710.0,1250.0,1075.5385616661242,996.6251573552381,808.8965470327912,549.5310973190068,713.6543693650608,876.702640353072,699.8532
2016-05-19 18:00:00,583.0221210149642,1070.0,1070.0,630.0,1075.7793686950863,880.7060889770047,798.7417369164095,1045.7978686480164,1006.1787479679097,1082.6312052395606,705.9567
2016-05-19 19:00:00,582.0819883795997,720.0,860.0,740.0,720.1259283177268,716.1527438427838,724.4853950785091,679.9564253071684,768.302379942401,769.449038776136,621.05444
2016-05-19 20:00:00,582.0819883795997,720.0,1340.0,600.0,720.2518566354537,667.1006911560818,712.4500947867091,635.1055821622526,605.2307710782571,621.8147109890737,491.16034
2016-05-19 21:00:00,582.0819883795997,720.0,490.0,430.0,720.3777849531805,481.682894578218,532.1575254726868,436.42923095181567,430.5575110397239,448.88438869138315,361.26675
2016-05-19 22:00:00,582.0819883795997,720.0,310.0,360.0,720.5037132709074,392.50768722329695,408.95074479469804,342.0610190160883,326.843150602361,364.3705218395279,308.49777
2016-05-19 23:00:00,582.0819883795997,720.0,340.0,340.0,720.6296415886342,342.16460010952545,331.38815762368085,298.1460170964447,299.60266665221553,320.3025514405832,296.32025
2016-05-20 00:00:00,582.0819883795997,720.0,310.0,330.0,720.755569906361,313.57240274294213,279.1616000492495,296.2822412317867,297.3350782196563,323.3742984170641,294.29053
2016-05-20 01:00:00,582.0819883795997,720.0,310.0,320.0,720.8814982240879,300.20107464861564,251.90613698168545,298.9053356371715,293.35519006534906,315.75524537106173,294.29053
2016-05-20 02:00:00,582.0819883795997,720.0,300.0,350.0,721.0074265418147,287.04126824505994,219.7650405502127,283.44347173778107,272.1026432808134,311.59512797155327,280.08328
2016-05-20 03:00:00,582.0819883795997,720.0,310.0,350.0,721.1333548595414,277.13307537674547,155.92092067161957,286.68666714148526,272.28656917123106,301.5578320885661,280.08328
2016-05-20 04:00:00,582.0819883795997,720.0,340.0,300.0,721.2592831772683,283.68167473020407,86.14045607521894,290.26949101905285,306.6865108328372,319.3492871232565,300.37943
2016-05-20 05:00:00,582.0819883795997,720.0,330.0,350.0,721.3852114949951,321.9234213660704,139.37776948000555,273.39389042498055,295.0444865568793,393.8004696904437,308.49777
2016-05-20 06:00:00,582.0819883795997,720.0,350.0,880.0,721.511139812722,368.3006855128831,175.64913392282415,300.81040949381793,348.30817957783785,444.87644012544723,345.03033
2016-05-20 07:00:00,582.0819883795997,720.0,300.0,1060.0,721.6370681304488,479.5596645165978,265.2865382224336,363.2300106338699,406.88932205898897,864.7597166884065,349.0895
2016-05-20 08:00:00,582.0819883795997,720.0,320.0,2030.0,721.7629964481756,565.076059259816,372.38737175510687,533.7836938286957,586.0991919441731,960.148075231685,349.0895
2016-05-20 09:00:00,582.0819883795997,720.0,220.0,560.0,721.8889247659025,521.0688485007415,359.5220134385554,752.704735205478,710.1527977369968,1132.0763470032593,349.0895
2016-05-20 10:00:00,582.0819883795997,720.0,330.0,440.0,722.0148530836293,582.777199301562,464.4112685447253,938.8636090087998,749.7026721535264,817.9739710519511,316.61584
2016-05-20 11:00:00,582.0819883795997,720.0,310.0,2130.0,722.1407814013562,613.8910792958197,556.8979879872477,887.1587856878027,859.2351193540013,1250.3448167192248,340.97116
2016-05-20 12:00:00,582.0819883795997,720.0,330.0,1810.0,722.266709719083,652.2710680648787,634.089068272443,846.2141442792365,788.4578053292602,896.2700836275616,328.79337
2016-05-20 13:00:00,582.0819883795997,720.0,300.0,1610.0,722.3926380368098,670.964528041135,765.6926161001384,768.866251095467,1083.8085301250533,1021.2063701940664,334.88226
2016-05-20 14:00:00,582.0819883795997,720.0,380.0,1910.0,722.5185663545367,635.7882070333656,834.8491806151287,634.2045537565973,668.996717980948,746.1727993767399,349.0895
2016-05-20 15:00:00,582.0819883795997,720.0,490.0,1210.0,722.6444946722635,631.0368282768909,931.8404360551704,787.2417668257898,631.1509982437974,700.9909154135382,381.5629
2016-05-20 16:00:00,582.0819883795997,720.0,540.0,2110.0,722.7704229899903,722.4076366378983,1030.1378090434946,653.2433405506836,557.56102893193,697.5420211345076,456.65747
2016-05-20 17:00:00,582.0819883795997,720.0,1250.0,1390.0,722.8963513077172,991.335292716271,1218.593932953272,794.1273137035759,667.1065555650192,933.0673087020517,584.52185
2016-05-20 18:00:00,582.0819883795997,720.0,720.0,2090.0,723.022279625444,856.8070289880702,1025.5159056737466,781.5194708471167,738.1537433088058,900.3185466775707,621.05444
2016-05-20 19:00:00,580.768737988469,470.0,590.0,1250.0,470.04485741749437,442.2329459379208,409.7328705235532,592.4004352467099,585.3614686504874,835.6584211144939,564.81036
2016-05-20 20:00:00,580.768737988469,470.0,710.0,720.0,470.0897148349888,517.4947134582333,494.2732139237387,515.0174956975519,502.3568656542045,617.4506164860295,530.8815
2016-05-20 21:00:00,580.768737988469,470.0,400.0,380.0,470.13457225248317,392.2971784691403,334.90147803552827,444.9698209046102,438.52054713669924,510.3599273884297,445.06244
2016-05-20 22:00:00,580.768737988469,470.0,300.0,330.0,470.1794296699776,336.5385846502647,257.90209806346866,357.3384333373038,359.3447659275229,381.68453796257023,339.28525
2016-05-20 23:00:00,580.768737988469,470.0,340.0,370.0,470.22428708747196,339.71635900480607,210.9407111869832,321.980685650481,333.2442596065585,332.28989577010213,331.30206
2016-05-21 00:00:00,580.768737988469,470.0,310.0,350.0,470.26914450496633,323.7919236717172,113.93695153847784,306.0042944290942,298.5498971203396,328.4582673451246,319.32758
2016-05-21 01:00:00,580.768737988469,470.0,310.0,380.0,470.31400192246076,310.143141351448,76.44109849458346,323.2204547322345,316.61206526159975,337.09085968245944,319.32758
2016-05-21 02:00:00,580.768737988469,470.0,220.0,360.0,470.35885933995513,292.6642352745448,31.77219252937175,300.8433735159923,285.4084496273343,333.1604376379224,319.32758
2016-05-21 03:00:00,580.768737988469,470.0,350.0,360.0,470.40371675744956,289.6696431693656,25.52201739019074,296.79693665264085,275.16286475338325,323.5863919165139,311.3444
2016-05-21 04:00:00,580.768737988469,470.0,310.0,360.0,470.44857417494393,293.9195575219155,18.232534253201266,319.1444797238813,281.3546835585652,339.5625639225669,311.3444
2016-05-21 05:00:00,580.768737988469,470.0,370.0,340.0,470.4934315924383,332.9092518675897,16.63786802379309,309.2376726834066,311.57964986753933,348.941793865778,331.30206
2016-05-21 06:00:00,580.768737988469,470.0,400.0,380.0,470.5382890099327,378.3844188781835,26.078608641093524,354.76765779179067,348.94415561780653,419.11758408278473,331.30206
2016-05-21 07:00:00,580.768737988469,470.0,480.0,680.0,470.5831464274271,486.58009713165023,127.26023416926455,429.8441129772945,377.56915128368286,752.1738723463798,339.28525
2016-05-21 08:00:00,580.768737988469,470.0,760.0,800.0,470.6280038449215,581.2923731493505,287.4392123084717,669.3180778532428,543.199825528489,760.3942145107544,339.28525
2016-05-21 09:00:00,580.768737988469,470.0,440.0,710.0,470.6728612624159,526.8104809313016,338.45781220157187,880.1018745058383,877.5388560923775,861.1230240355444,351.26025
2016-05-21 10:00:00,580.768737988469,470.0,490.0,950.0,470.71771867991026,588.2775698562907,469.49526590414007,1016.1950600637965,759.2035807434854,913.4434896341944,351.26025
2016-05-21 11:00:00,580.768737988469,470.0,440.0,580.0,470.7625760974047,616.423028285294,561.3666787072916,874.3219673179356,754.8363691009398,1001.246669784414,335.29364
2016-05-21 12:00:00,580.768737988469,470.0,430.0,700.0,470.80743351489906,653.0068915845386,510.8813601833481,754.8829623328913,715.9870599137118,997.8385777172668,333.29797
2016-05-21 13:00:00,580.768737988469,470.0,370.0,680.0,470.8522909323935,668.5727923585798,443.1023211342563,925.8204284457007,711.4567266706247,933.1488405819537,335.29364
2016-05-21 14:00:00,580.768737988469,470.0,360.0,640.0,470.89714834988786,636.4926850509178,345.3442564340212,657.1584037442366,673.6644139115983,733.2123674890222,319.32758
2016-05-21 15:00:00,580.768737988469,470.0,280.0,780.0,470.9420057673822,628.4609448213615,260.56503417122985,817.8750489661309,674.3678034241204,727.0818638047615,347.26868
2016-05-21 16:00:00,580.768737988469,470.0,290.0,670.0,470.98686318487665,713.0143637646493,239.2407374702143,694.3093222836544,636.4340708012111,593.3726384682686,375.20953
2016-05-21 17:00:00,580.768737988469,470.0,450.0,1450.0,471.031720602371,968.2546486293027,386.73558693042014,782.3352032075564,643.1026765341505,743.7869980196614,494.95715
2016-05-21 18:00:00,580.768737988469,470.0,470.0,1000.0,471.07657801986545,843.9812588042264,265.06024009436896,734.0295512138988,698.7526408309909,740.0985623875068,604.7262
2016-05-21 19:00:00,583.2390336935791,750.0,390.0,540.0,750.1335453100158,491.3447218737904,675.3945708332603,647.3302192940916,695.6956685901262,756.7003318905394,708.896
2016-05-21 20:00:00,583.2390336935791,750.0,420.0,520.0,750.2670906200318,546.7583825710867,792.9949457674311,650.7752577080471,626.2301750426125,687.3416252523901,586.0478
2016-05-21 21:00:00,583.2390336935791,750.0,390.0,450.0,750.4006359300477,360.07050434369336,655.6378831394468,459.55016696926936,417.9083956013953,486.5982079952584,435.00433
2016-05-21 22:00:00,583.2390336935791,750.0,320.0,370.0,750.5341812400636,353.19086722635774,653.5820318868573,344.95973680141014,369.498282475706,391.0730910912893,354.448
2016-05-21 23:00:00,583.2390336935791,750.0,270.0,290.0,750.6677265500795,369.1714622374963,648.1040342542437,303.94809065407827,328.12410816275843,343.5493946207624,318.19766
2016-05-22 00:00:00,583.2390336935791,750.0,290.0,320.0,750.8012718600954,341.0581901232749,598.006699284253,286.36585416779917,302.2269859136164,329.06756816000836,324.2395
2016-05-22 01:00:00,583.2390336935791,750.0,310.0,330.0,750.9348171701113,328.15048459223067,559.2421693296801,281.45628107523584,307.59670126420576,333.08962872965884,310.14203
2016-05-22 02:00:00,583.2390336935791,750.0,340.0,310.0,751.0683624801272,312.6702438776811,548.9694331867713,281.32941822653333,313.2348746314852,333.7745220725752,314.16986
2016-05-22 03:00:00,583.2390336935791,750.0,290.0,240.0,751.2019077901431,307.07875424633727,547.29097742044,262.82378402312247,300.5857006368219,331.2218248008109,310.14203
2016-05-22 04:00:00,583.2390336935791,750.0,340.0,310.0,751.3354531001589,313.6951012780642,503.7553396140729,256.8090736637899,297.6902722767433,329.8766174579274,318.19766
2016-05-22 05:00:00,583.2390336935791,750.0,310.0,340.0,751.4689984101749,348.8883130916728,478.846761443142,268.24631682864,383.17623135081084,347.07913970547185,318.19766
2016-05-22 06:00:00,583.2390336935791,750.0,360.0,310.0,751.6025437201907,394.52852737666166,533.6385722867699,242.18054111123166,360.1483378826558,378.2550076593137,344.3786
2016-05-22 07:00:00,583.2390336935791,750.0,340.0,560.0,751.7360890302067,494.91461968223643,601.5706369528425,394.6788374633931,554.5671270732935,492.8210645188069,372.5733
2016-05-22 08:00:00,583.2390336935791,750.0,1250.0,710.0,751.8696343402225,629.5106422188934,755.6449628676955,597.3512362765598,663.011267437615,570.7363547941851,430.9765
2016-05-22 09:00:00,583.2390336935791,750.0,1860.0,610.0,752.0031796502385,611.7268815135825,783.487072740827,970.9005068890067,894.5470193429423,658.0074384678779,521.6025
2016-05-22 10:00:00,583.2390336935791,750.0,2300.0,650.0,752.1367249602544,692.4117735954864,894.5363442967619,530.5162820963209,601.241888053747,601.0999922601255,475.28247
2016-05-22 11:00:00,583.2390336935791,750.0,2590.0,630.0,752.2702702702703,734.767774498427,1002.6624602069824,821.2190636368377,959.6851297194656,809.0249531845916,481.3243
2016-05-22 12:00:00,583.2390336935791,750.0,1370.0,580.0,752.4038155802862,709.380555885475,1003.3451036201732,946.1990645605383,1068.1370642749364,1094.3543494848648,475.28247
2016-05-22 13:00:00,583.2390336935791,750.0,2060.0,820.0,752.537360890302,759.4474730245133,1065.0757906748531,730.0455226124317,700.699122321799,757.8820156705091,475.28247
2016-05-22 14:00:00,583.2390336935791,750.0,1820.0,530.0,752.670906200318,718.7578281959914,1077.2437823000428,626.0568045003217,538.2082316794807,629.4750879780678,505.4912
2016-05-22 15:00:00,583.2390336935791,750.0,2170.0,560.0,752.8044515103338,729.1351880425038,1148.645480621176,525.8231372590685,547.1321265761403,621.8210250063456,485.3521
2016-05-22 16:00:00,583.2390336935791,750.0,600.0,860.0,752.9379968203498,728.6436949085135,1160.8439712280697,727.6405122483644,769.2421702512271,718.7604467750533,491.39398
2016-05-22 17:00:00,583.2390336935791,750.0,570.0,1420.0,753.0715421303656,961.7909311308318,1384.302695392099,876.5635567621644,815.141635993253,757.5166373362739,640.4234
2016-05-22 18:00:00,583.2390336935791,750.0,750.0,590.0,753.2050874403816,854.9498240083705,1251.309334539279,917.4077283638622,873.9959681862578,721.0559498969006,704.86816
2016-05-22 19:00:00,584.0536277602523,720.0,650.0,580.0,720.1230672136321,825.608997970194,926.8583462961469,708.0673939290285,677.4783070222239,695.5679266571243,651.2225
2016-05-22 20:00:00,584.0536277602523,720.0,570.0,1480.0,720.2461344272641,712.3829480445999,765.0063822577358,631.9585482239813,731.6993608375165,743.6158580486588,554.14594
2016-05-22 21:00:00,584.0536277602523,720.0,810.0,1220.0,720.3692016408962,544.979225985415,581.8896291891542,707.5936781267145,587.282687967472,553.698229403268,424.7103
2016-05-22 22:00:00,584.0536277602523,720.0,440.0,520.0,720.4922688545282,436.61276468186696,484.29693383253834,400.87781669327694,442.28306479875283,447.16342354332477,355.9475
2016-05-22 23:00:00,584.0536277602523,720.0,890.0,500.0,720.6153360681603,376.49295024261977,434.35923490558343,466.73095099131604,515.4843384474099,442.429078873463,351.90265
2016-05-23 00:00:00,584.0536277602523,720.0,360.0,370.0,720.7384032817923,351.36778164577083,391.8175526284058,365.8483241073417,391.0699681972101,372.42414438788023,331.67865
2016-05-23 01:00:00,584.0536277602523,720.0,340.0,320.0,720.8614704954244,337.14960216527686,350.49679987980653,353.21713315398904,369.8938073026147,331.96481434904103,331.67865
2016-05-23 02:00:00,584.0536277602523,720.0,310.0,340.0,720.9845377090564,320.5216652718577,325.60743873841693,349.75773399911407,347.103151255608,331.52211917004365,331.67865
2016-05-23 03:00:00,584.0536277602523,720.0,320.0,320.0,721.1076049226886,315.5261977104291,313.89583834148834,330.76352391141927,332.0517992790582,328.5986375501715,331.67865
2016-05-23 04:00:00,584.0536277602523,720.0,330.0,330.0,721.2306721363205,322.3309318912036,324.4534667235321,337.9056223435313,356.20137017562064,328.8371362416544,325.61124
2016-05-23 05:00:00,584.0536277602523,720.0,300.0,310.0,721.3537393499527,354.023125939634,350.3042540732722,360.853408872502,402.0642704949957,384.87513235257995,339.76834
2016-05-23 06:00:00,584.0536277602523,720.0,350.0,320.0,721.4768065635848,399.8155425446414,361.64089393578615,355.16749405963725,440.14256382080714,422.0081729054197,351.90265
2016-05-23 07:00:00,584.0536277602523,720.0,380.0,370.0,721.5998737772168,495.49218177541894,415.0555973872033,538.4480636074586,625.5044394445375,583.6443385176293,359.99237
2016-05-23 08:00:00,584.0536277602523,720.0,1140.0,530.0,721.7229409908489,659.3909276385706,553.3742355058694,664.7027089073055,603.6095635486558,543.9053242133364,364.03723
2016-05-23 09:00:00,584.0536277602523,720.0,680.0,420.0,721.8460082044809,622.1130563260294,543.1678252518759,573.2381988122526,857.9640028617941,684.8784442684753,370.1046
2016-05-23 10:00:00,584.0536277602523,720.0,1210.0,890.0,721.969075418113,725.0063288719681,669.0678220804257,896.5514297727045,560.1465108941696,587.6457269417821,364.03723
2016-05-23 11:00:00,584.0536277602523,720.0,2060.0,620.0,722.092142631745,808.3811843139081,754.4958062839933,464.0759977252081,863.3168044949691,736.7960794172013,368.08206
2016-05-23 12:00:00,584.0536277602523,720.0,760.0,1240.0,722.2152098453771,721.858088503353,756.3295106139258,932.9349026312776,564.0609180802065,628.0462541943349,355.9475
2016-05-23 13:00:00,584.0536277602523,720.0,620.0,1600.0,722.3382770590091,762.3680269028634,821.1233144836888,630.4683345628583,939.1055304758765,634.0637740594452,351.90265
2016-05-23 14:00:00,584.0536277602523,720.0,640.0,530.0,722.4613442726412,726.6990820827868,771.2491637261592,727.8658009877316,425.92276299985514,542.9918590201421,364.03723
2016-05-23 15:00:00,584.0536277602523,720.0,580.0,670.0,722.5844114862733,733.6156104270768,793.7301000173256,585.8141112415581,571.7020424264006,526.6062286201042,359.99237
2016-05-23 16:00:00,584.0536277602523,720.0,530.0,530.0,722.7074786999053,730.4651820327052,755.4439359963699,636.5535273206192,477.4678863775464,508.73232778539386,404.48578
2016-05-23 17:00:00,584.0536277602523,720.0,1590.0,1460.0,722.8305459135374,997.5718955625947,1021.7588693447497,1070.350599582271,906.0940664752535,862.1532450161568,525.8314
2016-05-23 18:00:00,584.0536277602523,720.0,720.0,930.0,722.9536131271694,854.4671489023615,705.5086869167862,887.8664257446288,761.3362000221632,793.2380126796295,614.8187
2016-05-23 19:00:00,583.4564809016907,740.0,580.0,690.0,740.1284058878797,960.0377564135182,863.5774511250283,823.2461254896907,763.3764062292149,677.065924098839,647.1165
2016-05-23 20:00:00,583.4564809016907,740.0,700.0,580.0,740.2568117757595,765.4363790648855,670.7876719710084,810.1065441354262,775.3387452620285,727.4209652429396,444.76746
2016-05-23 21:00:00,583.4564809016907,740.0,530.0,410.0,740.3852176636392,587.5499221931871,509.50144292160167,520.3028633968449,505.5674468234325,501.64719259096364,344.59448
2016-05-23 22:00:00,583.4564809016907,740.0,470.0,280.0,740.513623551519,447.00232467368386,413.5771749716423,445.1935525312562,447.1568808920809,454.0001112348721,328.5671
2016-05-23 23:00:00,583.4564809016907,740.0,360.0,360.0,740.6420294393987,355.06405755136745,326.96081035667976,365.1409562180447,424.95833076419467,398.5122854956494,314.5428
2016-05-24 00:00:00,583.4564809016907,740.0,350.0,300.0,740.7704353272784,356.63150284393805,290.6331682802802,314.00892163280326,389.82084779885076,351.0691162832021,308.5323
2016-05-24 01:00:00,583.4564809016907,740.0,310.0,330.0,740.8988412151582,340.20790037028723,258.45784483104126,311.71933837360257,365.77925708140606,336.59707563876515,320.55328
2016-05-24 02:00:00,583.4564809016907,740.0,350.0,310.0,741.0272471030379,326.0108704156421,230.9680015988897,311.14732283075057,370.9894794309303,338.8620395245538,308.5323
2016-05-24 03:00:00,583.4564809016907,740.0,310.0,320.0,741.1556529909176,319.07269429920314,235.51692675945105,316.4299063399174,346.18712590790864,328.4305845673825,320.55328
2016-05-24 04:00:00,583.4564809016907,740.0,300.0,320.0,741.2840588787974,325.054216362259,265.38096364752255,315.46735117836465,345.31082540852606,337.18808817668526,340.58755
2016-05-24 05:00:00,583.4564809016907,740.0,400.0,350.0,741.4124647666771,359.997958787687,294.10218433985665,305.09312927915573,346.53770052344436,332.5352622652652,348.60138
2016-05-24 06:00:00,583.4564809016907,740.0,360.0,340.0,741.5408706545569,401.44451198429255,307.12472929461546,397.2611202954233,367.22948980298713,344.04999498245206,348.60138
2016-05-24 07:00:00,583.4564809016907,740.0,340.0,390.0,741.6692765424366,490.2858709473793,299.2234795600207,470.9365636022586,493.7181104586327,490.2892673939998,360.62238
2016-05-24 08:00:00,583.4564809016907,740.0,310.0,340.0,741.7976824303163,641.8277827219362,414.5326004107419,470.10738595855156,505.0849025134452,442.95089463547225,356.61548
2016-05-24 09:00:00,583.4564809016907,740.0,330.0,310.0,741.9260883181961,610.4994568583655,354.6502156814731,404.0560427178931,462.4236956118081,459.08930098324925,354.61188
2016-05-24 10:00:00,583.4564809016907,740.0,310.0,320.0,742.0544942060758,706.456930704755,395.9794025883766,402.88912078581524,491.8428774919311,432.48078930793827,356.61548
2016-05-24 11:00:00,583.4564809016907,740.0,340.0,310.0,742.1829000939555,786.7838578107063,480.6485966496384,431.87736096953546,499.80564041333275,442.18204959162034,340.58755
2016-05-24 12:00:00,583.4564809016907,740.0,370.0,320.0,742.3113059818353,710.1792092460308,488.2961591698959,425.5837289077738,502.30682216614895,467.2849576346409,340.58755
2016-05-24 13:00:00,583.4564809016907,740.0,340.0,250.0,742.439711869715,747.3591078493766,539.6482647038492,435.3384899057379,479.05980012128913,446.7778576994064,340.58755
2016-05-24 14:00:00,583.4564809016907,740.0,350.0,320.0,742.5681177575948,715.8216535099796,455.47199578165237,432.09770226161845,466.8514905801448,462.9849108520515,348.60138
2016-05-24 15:00:00,583.4564809016907,740.0,440.0,310.0,742.6965236454745,727.023726789025,465.5713119542479,427.2737727076247,505.2287128166434,638.657743779462,394.68097
2016-05-24 16:00:00,583.4564809016907,740.0,940.0,400.0,742.8249295333542,748.8370887930041,557.1679232370861,711.5445304781034,622.4303537351665,713.6373328325241,470.81226
2016-05-24 17:00:00,583.4564809016907,740.0,2280.0,920.0,742.953335421234,1061.2174823923947,872.5814123204691,990.589572248178,869.2588620970137,1099.775825102089,570.9852
2016-05-24 18:00:00,583.4564809016907,740.0,740.0,600.0,743.0817413091137,851.2739280238275,683.8810775286611,1108.1740689978703,1253.1565095753795,1098.7102065703964,649.1199
2016-05-24 19:00:00,583.4058421379739,820.0,720.0,740.0,820.1523158221946,724.8232558418911,754.1175519193066,778.9625387065405,785.8551723510446,695.4219145070908,685.7007
2016-05-24 20:00:00,583.4058421379739,820.0,630.0,710.0,820.3046316443891,680.8678647257973,698.8635888106555,676.1353023696365,756.9457163207425,660.5470378600621,568.3833
2016-05-24 21:00:00,583.4058421379739,820.0,410.0,390.0,820.4569474665838,525.4235226434737,581.195297612976,416.24014564559303,494.54202626804414,472.26572079198206,420.725
2016-05-24 22:00:00,583.4058421379739,820.0,380.0,280.0,820.6092632887784,425.773240604946,479.41640775211545,336.4172304282143,373.9829449956294,378.15455533644507,339.81647
2016-05-24 23:00:00,583.4058421379739,820.0,350.0,330.0,820.761579110973,404.68434740008416,498.25657857799615,308.9661873151032,333.5616163377236,334.41090311855595,345.88446
2016-05-25 00:00:00,583.4058421379739,820.0,300.0,310.0,820.9138949331675,345.1932292946842,452.48969449957985,300.81229367217776,303.2608096809652,301.8498679216936,335.77106
2016-05-25 01:00:00,583.4058421379739,820.0,340.0,320.0,821.0662107553621,330.7235943988097,402.2550212727365,301.7189227651391,315.81487907010677,306.7554277170931,331.72562
2016-05-25 02:00:00,583.4058421379739,820.0,330.0,330.0,821.2185265775568,316.2759391232469,351.7807451884746,290.0853411067179,306.72247867555166,299.7384183009204,327.68018
2016-05-25 03:00:00,583.4058421379739,820.0,320.0,310.0,821.3708423997513,309.0416543329724,354.9840481652973,285.7674321490543,312.44882927358833,284.2053546080934,329.70276
2016-05-25 04:00:00,583.4058421379739,820.0,320.0,310.0,821.5231582219459,314.7625004513828,362.7069469707767,280.3071282648871,314.7545766356663,305.6585381904682,333.7482
2016-05-25 05:00:00,583.4058421379739,820.0,640.0,390.0,821.6754740441405,363.67105315671546,385.26253246855686,374.36599166891614,452.2892169139746,431.48987373619906,339.81647
2016-05-25 06:00:00,583.4058421379739,820.0,430.0,420.0,821.8277898663351,392.63599179689584,333.16374528623146,387.0003197871003,429.29246644100306,442.58697981740863,355.99792
2016-05-25 07:00:00,583.4058421379739,820.0,970.0,320.0,821.9801056885296,503.0882929799582,482.76158464662785,601.9717328695284,549.6413961036162,558.3113452311725,355.99792
2016-05-25 08:00:00,583.4058421379739,820.0,340.0,370.0,822.1324215107243,613.326916306394,625.5680396060006,466.2318938825058,519.4345824741573,580.4257298062947,384.31616
2016-05-25 09:00:00,583.4058421379739,820.0,230.0,390.0,822.2847373329189,581.0050108703481,629.5036200843269,530.3297138105794,508.3744121531677,595.9887979715049,368.1342
2016-05-25 10:00:00,583.4058421379739,820.0,400.0,350.0,822.4370531551134,680.0373807308188,812.4169228825713,433.03158721280766,467.07673019137656,514.4910411557292,368.1342
2016-05-25 11:00:00,583.4058421379739,820.0,610.0,420.0,822.589368977308,766.5260282036713,871.1517554330303,536.059359606857,480.4307367174911,528.7782229966388,360.04333
2016-05-25 12:00:00,583.4058421379739,820.0,770.0,340.0,822.7416847995027,705.5480108402462,806.1506589521487,507.7097964020202,501.1611754811486,543.5746481755865,384.31616
2016-05-25 13:00:00,583.4058421379739,820.0,710.0,520.0,822.8940006216973,738.1616262319936,831.2481806036812,450.8297657539298,492.2563843829842,554.5268990863503,378.2479
2016-05-25 14:00:00,583.4058421379739,820.0,900.0,490.0,823.0463164438918,719.4065662322471,838.2474888534689,486.31101437983716,501.08146529305196,532.7390039276498,372.17963
2016-05-25 15:00:00,583.4058421379739,820.0,850.0,500.0,823.1986322660864,727.5820928547755,840.4434195845688,515.1376305177148,491.09364947893204,531.2381703238514,408.58847
2016-05-25 16:00:00,583.4058421379739,820.0,850.0,630.0,823.350948088281,747.4929684929052,843.0237338693814,492.5609439262097,591.3167928666822,603.2378519776809,647.2692
2016-05-25 17:00:00,583.4058421379739,820.0,1220.0,710.0,823.5032639104757,1053.2720895425948,1046.136724817943,1026.586339472523,1069.4272612155455,987.4849870633266,695.81433
2016-05-25 18:00:00,583.4058421379739,820.0,820.0,1070.0,823.6555797326702,838.5169779212083,794.5667925033531,1032.6977803021966,839.3844033852646,939.4763825457298,657.3827
2016-05-25 19:00:00,582.7112893275755,940.0,740.0,860.0,940.1882135143475,671.8919233046265,674.6102524398648,720.7404398821311,648.12029661628,654.4708362173287,686.16187
2016-05-25 20:00:00,582.7112893275755,940.0,580.0,1340.0,940.3764270286948,671.3079479715973,688.0628109393647,755.2672245677799,662.2237735694091,602.2674119701255,554.59686
2016-05-25 21:00:00,582.7112893275755,940.0,460.0,490.0,940.5646405430423,528.8868557037853,520.61103968526,435.67213150461185,454.1833921696381,414.75869372201635,408.86325
2016-05-25 22:00:00,582.7112893275755,940.0,370.0,310.0,940.7528540573896,381.0387939860557,325.70735668702855,351.05319092899146,352.8130646499436,353.96582650736104,348.1413
2016-05-25 23:00:00,582.7112893275755,940.0,350.0,340.0,940.9410675717371,406.2620890611979,279.54636402335655,313.9003630352151,314.374917159254,303.3134575064085,340.04498
2016-05-26 00:00:00,582.7112893275755,940.0,320.0,310.0,941.1292810860846,327.32443769433195,200.1113745507846,302.43725791705987,297.8633668043791,314.38561644937596,331.9487
2016-05-26 01:00:00,582.7112893275755,940.0,320.0,310.0,941.3174946004319,312.66282530614313,176.62170855173554,305.26760556894743,302.2423768497368,300.0501128332156,323.85214
2016-05-26 02:00:00,582.7112893275755,940.0,340.0,300.0,941.5057081147794,299.4794566789885,173.2748587082342,300.95636088518313,290.186597744738,287.7569486697225,331.9487
2016-05-26 03:00:00,582.7112893275755,940.0,290.0,310.0,941.6939216291269,289.9782323981368,182.1694491158969,294.1867993244365,279.0331650877173,308.6543082970269,331.9487
2016-05-26 04:00:00,582.7112893275755,940.0,330.0,340.0,941.8821351434742,297.4525656710699,190.79839404481118,277.97577957747643,279.65359769802103,302.24976957755985,340.04498
2016-05-26 05:00:00,582.7112893275755,940.0,330.0,330.0,942.0703486578217,343.28809849060485,222.33589921269777,335.8838787541672,353.82717531114736,345.2194532580098,348.1413
2016-05-26 06:00:00,582.7112893275755,940.0,330.0,350.0,942.258562172169,371.2106633612864,258.5420830139474,358.79942418939413,398.82703175810366,387.1054246323871,368.38177
2016-05-26 07:00:00,582.7112893275755,940.0,390.0,300.0,942.4467756865165,477.6655063596769,375.5702228422415,436.4642066637129,496.6827194565657,426.4578018312453,425.0561
2016-05-26 08:00:00,582.7112893275755,940.0,500.0,320.0,942.634989200864,586.7020089184552,502.8298387365476,503.2894914721292,441.4694481051979,480.6577849569423,418.98376
2016-05-26 09:00:00,582.7112893275755,940.0,540.0,220.0,942.8232027152113,560.9408842232244,542.099865836235,469.2257580419035,451.6495258236879,511.61405984478927,400.76697
2016-05-26 10:00:00,582.7112893275755,940.0,470.0,330.0,943.0114162295588,650.8455889834573,653.86188414764,448.24320624994147,433.381311713417,524.371912584422,368.38177
2016-05-26 11:00:00,582.7112893275755,940.0,300.0,310.0,943.1996297439063,724.0745956420103,735.1117771641302,431.568724227979,384.2225374113268,496.1346645243282,354.21338
2016-05-26 12:00:00,582.7112893275755,940.0,360.0,330.0,943.3878432582536,672.5223632099484,663.6754742116555,447.37848581251563,352.6087252361215,482.97394003283506,348.1413
2016-05-26 13:00:00,582.7112893275755,940.0,430.0,300.0,943.5760567726011,707.4051667581782,728.2686325877503,457.2657864863631,347.3194023190548,547.9753048462917,360.28546
2016-05-26 14:00:00,582.7112893275755,940.0,480.0,380.0,943.7642702869484,693.4591344130049,765.6292691934486,490.7191299019617,354.39025968060525,583.1971563422544,348.1413
2016-05-26 15:00:00,582.7112893275755,940.0,480.0,490.0,943.9524838012959,701.3360028316037,829.6464475451039,532.0338291453971,379.7356424336117,546.0936282087208,360.28546
2016-05-26 16:00:00,582.7112893275755,940.0,1390.0,540.0,944.1406973156434,764.8531282116344,997.5850594958474,531.7839933729774,579.7655593619289,638.7428603804701,402.79117
2016-05-26 17:00:00,582.7112893275755,940.0,710.0,1250.0,944.3289108299907,1012.2054882738839,1284.2910401074241,756.088362145015,969.8464112231846,815.6727169240069,441.24844
2016-05-26 18:00:00,582.7112893275755,940.0,940.0,720.0,944.5171243443382,824.4168262901118,1008.310888881686,1016.2106987438586,975.8366056488059,1003.2133613782482,439.2245
2016-05-26 19:00:00,584.8101653398653,1290.0,710.0,590.0,1290.2940275650842,1257.0359149819474,1625.9452523909677,888.3430259409936,805.954469293883,959.7134553868783,660.3091
2016-05-26 20:00:00,584.8101653398653,1290.0,1140.0,710.0,1290.5880551301684,959.0328267452422,1463.7369650333922,583.5387189728644,551.5490759958602,636.7015624179221,518.2174
2016-05-26 21:00:00,584.8101653398653,1290.0,340.0,400.0,1290.8820826952526,690.7254955691833,1238.9767639038255,464.9736642689595,388.24444335970105,489.3358469244172,380.30457
2016-05-26 22:00:00,584.8101653398653,1290.0,320.0,300.0,1291.1761102603368,399.56146544496767,943.3414757442797,298.84637835423257,281.49324097209467,338.6035556322346,351.05066
2016-05-26 23:00:00,584.8101653398653,1290.0,320.0,340.0,1291.470137825421,331.75594010050787,894.1028362532516,278.7427633398035,296.84277029093005,314.42680285545964,344.78177
2016-05-27 00:00:00,584.8101653398653,1290.0,320.0,310.0,1291.7641653905055,319.84617418630717,918.6056512244631,278.99861749404386,287.5461252904657,304.39187282971926,321.7962
2016-05-27 01:00:00,584.8101653398653,1290.0,330.0,310.0,1292.0581929555897,305.50599407267987,892.2714317369537,269.97960475159675,268.2012430060089,308.7427489731302,321.7962
2016-05-27 02:00:00,584.8101653398653,1290.0,300.0,220.0,1292.3522205206739,290.99617307418094,866.4993619261268,230.17540911913727,263.61347340486486,298.24425230341427,315.5276
2016-05-27 03:00:00,584.8101653398653,1290.0,340.0,350.0,1292.646248085758,283.89065634360355,801.8923112779858,293.3171061563307,273.7951438151866,303.93125844812005,321.7962
2016-05-27 04:00:00,584.8101653398653,1290.0,300.0,310.0,1292.9402756508423,288.994258504769,749.5371868414386,257.55879282880164,237.22629003700948,297.0988200880492,321.7962
2016-05-27 05:00:00,584.8101653398653,1290.0,340.0,370.0,1293.2343032159265,333.9898077353261,806.8738043130325,284.7423556980363,309.4697706573814,330.8270044368814,338.51288
2016-05-27 06:00:00,584.8101653398653,1290.0,370.0,400.0,1293.5283307810107,362.4465293430794,835.6949782429101,325.23446044529646,323.00444004044846,391.0984173535159,351.05066
2016-05-27 07:00:00,584.8101653398653,1290.0,600.0,480.0,1293.822358346095,473.6889919484566,918.6140864780455,390.4604461306963,387.65277988223204,525.9904666453468,376.1254
2016-05-27 08:00:00,584.8101653398653,1290.0,940.0,760.0,1294.1163859111791,593.0817154646904,1178.6221352272778,590.6642144930878,572.6305434645446,587.1061062984749,434.63376
2016-05-27 09:00:00,584.8101653398653,1290.0,1660.0,440.0,1294.4104134762633,607.2666605268394,1249.7059638357396,634.2627179811213,613.3059375207089,563.3475848823592,420.0068
2016-05-27 10:00:00,584.8101653398653,1290.0,1590.0,490.0,1294.7044410413475,688.7540690849554,1347.4239613106984,696.5707641483762,615.7752198484103,692.3679573028074,394.9318
2016-05-27 11:00:00,584.8101653398653,1290.0,1460.0,440.0,1294.9984686064317,751.7492543741705,1317.2999228954186,691.7290349058195,511.4920901415986,587.5082799400851,371.94623
2016-05-27 12:00:00,584.8101653398653,1290.0,1330.0,430.0,1295.2924961715162,699.4183267109402,1179.5545341720626,670.8049470951761,564.470670493789,608.0337057006084,369.85678
2016-05-27 13:00:00,584.8101653398653,1290.0,450.0,370.0,1295.5865237366004,689.039167662628,1086.3553243459728,672.4832336247505,487.40640539622837,503.0571524924614,365.6776
2016-05-27 14:00:00,584.8101653398653,1290.0,410.0,360.0,1295.8805513016846,675.0416755638003,964.238112016762,673.5760370684186,455.7804355377216,530.3513086514471,380.30457
2016-05-27 15:00:00,584.8101653398653,1290.0,370.0,280.0,1296.1745788667688,680.6492534052102,1003.1383426791499,682.8624979519924,478.5402049286694,523.7188560774438,424.18597
2016-05-27 16:00:00,584.8101653398653,1290.0,2970.0,290.0,1296.468606431853,868.6201827572613,1257.7687641133862,856.0405662768427,526.1380778100847,573.9435607275178,499.411
2016-05-27 17:00:00,584.8101653398653,1290.0,2640.0,450.0,1296.7626339969372,1079.5393109672395,1456.215322093898,1135.6904423767862,832.4181350853424,1153.8819897391274,599.7113
2016-05-27 18:00:00,584.8101653398653,1290.0,1290.0,470.0,1297.0566615620214,837.8603181650442,1219.2546131268173,1258.3655893080797,1449.723171614269,1058.9078574371802,568.3674
